pH,Organic_Matter,Nitrogen,Phosphorus,Potassium,Calcium,Magnesium,Sulfur,Micronutrients,CEC,EC,Bulk_Density,Moisture_Content,Temperature,Crop_Yield,Soil_Texture_Clay,Soil_Texture_Loamy,Soil_Texture_Sandy,District
6.649014246,1.702786171,0.059382838,0.041252245,0.281710356,0.864964345,0.227826245,0.259191726,0.010370351,8.352129026,0.41365064,1.348730524,22.53510136,24.33845021,4.717696342,0,0,0,Okhaldhunga
6.45852071,2.200312489,0.044839553,0.035705945,0.437487642,0.971096266,0.317682087,0.384651683,0.01085089,8.561781097,0.496879651,1.407192987,19.71302317,23.97967837,4.84461972,0,0,0,Dolakha
6.694306561,2.50262185,0.050961208,0.041222975,0.235403582,0.841516016,0.245331992,0.267490001,0.01044458,14.09962419,0.501801687,1.212071722,13.02275748,25.29891218,4.679187249,0,1,0,Nuwakot
6.956908957,2.523490297,0.045377247,0.04543298,0.220080799,0.938407694,0.272834489,0.19979727,0.012557732,10.00136564,0.547263035,1.334859512,16.4604453,26.54150042,6.455474303,0,0,1,Taplejung
6.429753988,2.274967264,0.045655038,0.040488601,0.251725648,0.621277067,0.467345209,0.245226788,0.008095367,11.56426,0.363314164,1.287482557,18.68626626,29.76342706,5.62813994,1,0,0,Myagdi
6.429758913,2.811424966,0.046908279,0.040405917,0.204667139,1.042658741,0.434046105,0.161187683,0.00864601,8.418201237,0.559256727,1.38468821,12.02053016,26.65447222,5.330875307,0,0,0,Nuwakot
6.973763845,1.966189785,0.052221338,0.032980083,0.312267032,1.000241095,0.170041876,0.245970013,0.008454681,8.440294108,0.229560837,1.288477577,16.30485671,27.31967993,3.093572418,0,0,0,Myagdi
6.730230419,2.428810257,0.045212514,0.033370991,0.462467846,0.836582274,0.382973242,0.208347197,0.011660384,12.16396962,0.437011545,1.261505711,23.26165169,23.9880676,4.432130385,0,1,0,Udayapur
6.359157684,2.560147816,0.062557561,0.025973947,0.332307927,1.131849134,0.381139655,0.295769514,0.011800797,7.300847577,0.451172616,1.354090852,27.13652682,22.94826379,6.348003741,0,0,1,Udayapur
6.662768013,2.757219417,0.041053927,0.057495767,0.27476465,1.187514028,0.185173671,0.222522986,0.010902451,9.169572464,0.563332683,1.387616917,17.90282624,25.1246627,5.05654486,1,0,0,Syangja
6.360974692,2.855807439,0.048131284,0.027561368,0.270818873,0.678488027,0.381877764,0.244161704,0.012366987,10.06805482,0.502263085,1.233165481,23.78244177,25.21433983,5.989297204,1,0,1,Bhojpur
6.360281074,1.937678954,0.045602689,0.033070948,0.143680919,0.847455044,0.453793192,0.218222108,0.007643918,10.2227452,0.359443695,1.293892433,10.42969965,22.84297452,7.6497677,0,1,0,Bhojpur
6.572588681,1.732942915,0.064469779,0.032815927,0.388310978,0.84617153,0.187745519,0.336942568,0.013334448,9.64181343,0.401500687,1.194155937,23.29725621,24.64941094,6.557909104,1,0,0,Syangja
5.926015927,3.138838411,0.051965548,0.048949244,0.29221628,0.81201938,0.208249718,0.233937862,0.013046477,10.79163956,0.519868001,1.050193898,15.98025793,25.7986352,5.139737507,0,1,0,Sarlahi
5.98252465,2.666157006,0.060318445,0.037050503,0.281952009,1.165894968,0.401766147,0.341627852,0.011471244,11.38571151,0.492093266,1.320045963,21.53672808,25.72078679,4.233516245,0,1,0,Parbat
6.331313741,2.125756732,0.035144396,0.052477421,0.619310757,0.961234772,0.327149531,0.290707588,0.013563598,11.46927509,0.442087589,1.360890536,18.76123791,26.00857571,1.169675606,0,0,0,Kailali
6.196150664,3.275575988,0.052670503,0.033265094,0.329875291,0.947097032,0.355147628,0.274103336,0.006686754,8.028392383,0.451916621,1.326206681,26.60207005,25.58192946,4.747422616,0,0,0,Myagdi
6.5942742,2.557837317,0.058896308,0.042789942,0.224820895,0.599227527,0.334058922,0.268436657,0.008951104,9.431689804,0.5696168,1.105043828,15.62782176,23.98598268,4.510981256,0,0,0,Nuwakot
6.227592777,3.089648592,0.05082284,0.031646529,0.25736424,1.127083606,0.339069592,0.269689865,0.008529393,12.38952572,0.448230743,1.264915057,23.13803149,23.97219875,5.585549292,1,1,0,Humla
6.07630889,2.533759241,0.060654804,0.061451491,0.414844571,0.752148321,0.167352787,0.153616371,0.011442959,11.78929438,0.491190876,1.078165224,18.60246268,22.6020972,4.76914216,0,0,1,Myagdi
6.939694631,3.530373962,0.044827115,0.028124016,0.311327041,1.011986526,0.404731771,0.23605583,0.007899719,7.254281097,0.716993659,1.436970111,19.20847261,28.56955008,4.519422411,1,0,0,Mustang
6.43226711,3.377670421,0.064093474,0.043098207,0.156172202,1.055475388,0.416958999,0.292257899,0.01151499,10.7029598,0.357631736,1.191394542,19.08073053,25.02690073,2.330901604,1,1,0,Nuwakot
6.520258461,2.375517926,0.072988981,0.046337769,0.391922893,1.272131719,0.277060926,0.247555141,0.012741072,6.043549501,0.314815727,1.425540361,15.77163448,24.55029389,3.590048256,0,0,0,Okhaldhunga
6.072575544,2.985785475,0.046371614,0.044137991,0.233185591,0.73823592,0.295652305,0.179740508,0.011390406,10.0938698,0.578358966,1.394586964,19.92950517,23.14241584,5.714976561,0,0,0,Mustang
6.336685183,2.822687975,0.045544975,0.038147123,0.487329778,0.396097569,0.14688925,0.247379777,0.010567502,13.79553403,0.432135694,1.209940965,19.68675889,30.8713158,7.573861447,0,0,0,Salyan
6.533276777,3.184315779,0.064533845,0.038701793,0.408004807,1.036769909,0.351425476,0.335205276,0.008024253,8.104214565,0.468176247,1.186721505,21.20620124,22.85334394,4.853711924,1,0,1,Nuwakot
6.154701927,2.01753827,0.065795721,0.040438115,0.25526781,1.360102236,0.357205744,0.312344586,0.008306298,8.331353909,0.421884362,1.335037022,20.42252573,24.14230415,5.49171661,0,1,1,Sankhuwasabha
6.612709406,2.84302573,0.0447714,0.03852998,0.428101636,1.247789271,0.293780898,0.2468998,0.012499238,11.52805956,0.474019986,1.215567596,23.98997275,25.83167367,6.428717235,0,0,0,Taplejung
6.319808393,3.029212243,0.045798132,0.049638791,0.306785551,1.041931883,0.412435336,0.297572464,0.011558698,6.91439697,0.659853811,1.310248464,24.61754308,26.20042593,3.783659096,0,0,0,Mustang
6.412491875,1.620630257,0.047182154,0.06210523,0.385277368,0.901672763,0.266592277,0.231674649,0.009921961,8.73448994,0.580212846,1.251717241,14.74688339,26.91586411,5.550221065,0,1,0,Bhojpur
6.319488016,1.908370744,0.036555495,0.034425082,0.348473282,1.161424519,0.356460593,0.164806421,0.009164181,11.19288228,0.586222351,1.121884159,24.3438625,28.61521702,3.889264841,0,0,0,Saptari
7.055683455,1.480383911,0.040813481,0.02630197,0.215364335,0.80529076,0.198033566,0.203776701,0.005948384,8.731428305,0.358377294,1.076953198,14.06831786,26.01231531,6.297236658,0,1,0,Syangja
6.495950833,2.365296583,0.039958592,0.03911718,0.235645017,1.095271554,0.297644785,0.328144438,0.007858295,9.528060026,0.384884626,1.322668425,22.93927944,22.8879384,5.227104572,0,1,0,Mustang
6.182686721,2.858771128,0.042322024,0.065797093,0.402996082,1.101094032,0.282564574,0.236300346,0.013822838,11.48837142,0.216092134,1.243844225,23.09869392,24.48610975,5.447677721,0,0,0,Rautahat
6.746763474,3.251178526,0.049653151,0.031963254,0.266522467,1.212041981,0.322530792,0.237830801,0.007439089,10.84309217,0.419061918,1.244691018,10.44341554,25.61566475,3.826102104,0,0,0,Taplejung
6.133746905,2.53704739,0.052342147,0.056391168,0.259635154,1.551932008,0.263047307,0.23500809,0.01037896,10.53363679,0.595670319,1.369586384,20.46489623,29.13645208,6.060548539,0,1,0,Myagdi
6.562659079,3.314307773,0.065505005,0.056777008,0.204487742,1.078483193,0.28685274,0.345206829,0.012014888,9.321755441,0.551694652,1.417344228,17.65751943,22.20438904,8.127069382,0,0,0,Taplejung
5.912098963,1.809949271,0.04001646,0.034464118,0.342359907,0.898207275,0.382604717,0.331297946,0.007490155,10.74012223,0.477848674,1.272745528,16.20617371,27.40515301,3.488132457,0,0,0,Okhaldhunga
6.101544185,1.64830878,0.059843224,0.045689831,0.506252492,0.994885138,0.256323576,0.360939012,0.010369421,9.75253464,0.497769972,1.265940129,26.75426165,25.35982874,4.490361489,0,1,0,Rasuwa
6.559058371,2.472226151,0.047860112,0.056283966,0.193246709,0.646184819,0.13934229,0.242047739,0.011875831,10.91561122,0.431111446,1.350014303,16.7316043,26.67566107,5.347411211,0,0,1,Ramechhap
6.721539974,2.692032724,0.049505363,0.036208723,0.302421946,0.861057374,0.47495839,0.264781224,0.010024999,9.00613595,0.520475888,1.164306443,15.96811535,24.79601057,6.179609318,0,1,0,Sarlahi
6.551410484,2.483652626,0.056748195,0.037964196,0.441222056,0.918143512,0.438145408,0.174167873,0.015736806,9.634862051,0.576587828,1.322315305,20.3784747,23.31513474,4.160680572,0,0,1,Taplejung
6.465305515,1.46627895,0.03877278,0.034183191,0.292035861,0.89518232,0.17077373,0.323846721,0.006662801,8.020084415,0.338411321,1.355188597,23.42794873,26.50174556,0.750454565,0,0,0,Dolakha
6.409668891,2.45543998,0.053824097,0.029852433,0.34523718,1.030470974,0.368970781,0.191611022,0.012117457,9.92998478,0.529964769,1.368023021,19.29175707,26.30886205,7.038784241,0,0,0,Kailali
6.056443403,1.84776525,0.051664522,0.033507225,0.193760647,0.835516014,0.249702523,0.260838778,0.009654397,8.377998273,0.593243487,1.10632473,25.83185273,26.94411393,6.140759179,0,1,0,Dolakha
6.284046737,2.834836274,0.054924513,0.027760597,0.34283071,1.224206133,0.326348722,0.195134874,0.01154384,7.7719071,0.458489971,1.223864473,22.65487831,24.97339073,2.385578704,1,0,0,Kailali
6.361808369,2.683299123,0.052891686,0.040340835,0.281285573,1.000041413,0.329422413,0.220556659,0.010882614,10.5173223,0.570070061,1.212173675,9.108943401,23.80035595,4.088646812,1,1,1,Rautahat
6.817136668,2.030060107,0.074553001,0.032300268,0.398573,0.998139936,0.27655922,0.208136878,0.008533688,10.42547955,0.781465444,1.309988695,17.35266518,21.88242601,7.352273644,1,0,0,Kanchanpur
6.603085487,2.243066541,0.0436226,0.042337859,0.418738605,0.934421057,0.221623433,0.219606237,0.010457993,11.56574747,0.489565721,1.348074458,17.1907895,26.63874654,7.171694628,1,0,0,Saptari
5.971087953,1.970393239,0.04469003,0.024441044,0.558956364,1.031038137,0.230945895,0.223043865,0.006284197,9.137748861,0.539330705,1.449671041,22.39680477,25.84777896,6.407960034,0,0,0,Salyan
6.597225191,2.468660451,0.043768595,0.043308802,0.357963317,1.165019653,0.208380808,0.22258656,0.011206495,10.81610569,0.426194292,1.250503452,6.875914718,23.06843473,4.735831349,0,0,1,Rautahat
6.384475316,2.97757116,0.044445229,0.04833529,0.332579632,0.826573957,0.216817779,0.291666696,0.010596317,11.10159514,0.518125116,1.25024275,32.74504854,23.92285265,5.124481128,0,0,0,Salyan
6.2969234,2.007136977,0.043626129,0.020062644,0.31943843,0.868376702,0.293282171,0.19475686,0.01127732,10.88954762,0.546027162,1.414967202,22.65513047,24.06648238,4.803611292,0,0,1,Kanchanpur
6.683502887,2.752023258,0.061890165,0.043740566,0.264683371,0.939254794,0.228424001,0.261027071,0.012116237,8.348692634,0.519484234,1.329657694,20.74438402,22.03403114,6.692359675,0,0,1,Rasuwa
6.809299857,2.234871191,0.064205042,0.05227669,0.333848384,0.730825815,0.368205207,0.310897958,0.01073524,10.29872696,0.398030468,1.426765151,25.90783858,23.36463521,3.68623639,1,1,0,Taplejung
6.779384036,2.103563584,0.044292537,0.02790359,0.270459859,0.836148428,0.448724616,0.224340182,0.010296179,10.72828059,0.520636177,1.3288728,31.71827026,22.73233929,3.791300518,0,0,1,Rasuwa
6.248234743,2.44648482,0.041676444,0.056725724,0.316846098,0.904755825,0.241994676,0.214104055,0.008237863,10.01435693,0.646219594,1.184288338,24.35373322,24.17504198,6.51541188,0,1,1,Ramechhap
6.407236287,1.982378839,0.054714156,0.04419019,0.431759754,1.174877836,0.32394045,0.238473769,0.008575558,5.827044683,0.544863576,1.166687165,24.74406548,23.522605,4.933457817,0,0,0,Syangja
6.599379029,2.223175347,0.04447777,0.032949881,0.199345743,1.052512266,0.349968511,0.30898626,0.012373469,10.32097925,0.596198719,1.144848775,20.65345012,21.74599016,7.067701033,0,0,0,Udayapur
6.792663538,1.901061054,0.056329318,0.039442309,0.413987856,1.038717982,0.347200227,0.259705382,0.012872671,14.42506208,0.476298803,1.366205183,19.29237123,29.04518046,3.99273169,0,0,0,Udayapur
6.356247729,3.482362566,0.05202923,0.045583269,0.431711507,1.170179592,0.307595527,0.223439285,0.009523779,9.279921462,0.574990024,1.418859682,17.62102278,27.50508146,4.917832459,1,0,0,Okhaldhunga
6.444302307,2.517631776,0.034842559,0.040760054,0.288193147,0.972525642,0.374268242,0.274193833,0.010092005,8.543845804,0.527926784,1.484936214,15.86944004,23.44196116,3.616380523,0,0,0,Kanchanpur
6.168099508,2.150137246,0.065475052,0.04538756,0.08781451,1.07809297,0.348224895,0.194885393,0.008190771,10.74669712,0.404908927,1.384310533,16.5649295,25.54484279,5.011044022,1,0,0,Saptari
6.141138013,2.606989955,0.067958777,0.030793264,0.239217801,0.979355649,0.176233758,0.284067976,0.012345514,10.62475642,0.5318521,1.416283858,13.24722018,25.83493018,2.782179595,0,0,0,Udayapur
6.743757747,2.443835975,0.043872113,0.041693608,0.429699455,1.05307247,0.386915606,0.270430365,0.011330834,12.38547033,0.400830334,1.241998367,19.62064275,27.38217171,4.268549869,1,1,0,Ramechhap
6.906872009,2.3895152,0.046122984,0.025862855,0.297713194,0.883448268,0.388729084,0.234609576,0.013882435,7.484263688,0.436711973,1.184358418,11.57666211,23.36278995,2.845619203,0,0,0,Myagdi
6.478396964,2.80708335,0.052858654,0.038887739,0.200069777,0.512236568,0.22367139,0.20807071,0.008243354,11.46276051,0.518932831,1.385007933,20.95458262,27.18421357,6.04088485,0,1,1,Okhaldhunga
6.801059869,2.878753855,0.053344568,0.030960924,0.249522508,0.973144168,0.303793784,0.205665954,0.009243984,11.18084412,0.529724427,1.341768075,19.81834696,23.90418939,6.07488401,0,0,1,Udayapur
6.608490808,2.234749426,0.056585443,0.032644701,0.384062003,1.284549627,0.368332899,0.276740867,0.010462892,9.715706926,0.381076753,1.310744437,20.73467649,22.32827519,2.404605904,1,0,0,Udayapur
6.306464074,2.21209088,0.070102045,0.052360932,0.354673357,1.18524308,0.279068618,0.311449025,0.011292979,10.67737464,0.605398577,1.338737148,17.38934215,26.44827312,7.000828618,1,0,0,Sankhuwasabha
6.608418682,2.362474151,0.048230528,0.050913101,0.27610679,1.193079497,0.407297805,0.218134613,0.009568665,12.05891496,0.557200628,1.332318548,35.38430185,27.58151685,8.74612269,0,0,0,Udayapur
6.96141097,1.349039418,0.042017028,0.046091381,0.263317559,1.247226144,0.536387249,0.272919335,0.008254078,11.74463076,0.429527156,1.428381686,26.8005795,30.17581795,5.06900958,0,0,1,Okhaldhunga
6.489252188,1.742404469,0.036206808,0.029076872,0.260824185,1.017731518,0.221401397,0.145648649,0.011762815,7.713961376,0.34624152,1.429498558,13.7772875,22.60054947,4.03832861,1,0,0,Humla
6.969393097,3.183437134,0.0426907,0.036835916,0.207758982,1.039463141,0.16189554,0.220769113,0.011442271,11.64031637,0.485509542,1.354422035,21.16434044,26.39783937,9.236495887,0,0,0,Rautahat
5.714076469,3.322483857,0.04966873,0.052130977,0.461537569,0.876469621,0.33038186,0.248447053,0.008167452,9.87062279,0.455405629,1.384580287,16.95996929,24.18039751,3.021547253,0,0,1,Humla
6.746570751,2.37548198,0.067945579,0.041417169,0.267767953,0.936785429,0.372156251,0.204515829,0.012710886,10.1457482,0.511314046,1.351406255,14.92760137,26.56671742,5.0301597,0,0,1,Taplejung
6.52611412,2.788278482,0.044823887,0.063193295,0.421715852,1.12315423,0.276913363,0.203174681,0.012340397,10.14639398,0.463688334,1.253883027,13.29963964,22.0590209,5.269433409,0,0,1,Syangja
6.410297795,2.655625077,0.05223788,0.043933178,0.452131605,1.240776887,0.445326066,0.216611022,0.010268593,9.699514022,0.299254314,1.375656467,22.16108345,22.47446045,7.017721431,1,0,1,Parbat
6.527528233,4.039440404,0.049835771,0.041920491,0.39983109,0.972110745,0.16613942,0.264609636,0.010159196,12.38341499,0.461165306,1.160550493,16.59309882,23.44825035,5.539608463,1,1,0,Rautahat
5.903729326,3.059787456,0.061883933,0.036908835,0.256837969,0.909962147,0.369291862,0.240633549,0.011108116,9.83256408,0.469438089,1.405389155,24.83913012,25.15792809,4.252049156,0,1,0,Kanchanpur
6.434098434,2.436041204,0.075269324,0.041335409,0.340373009,1.000105592,0.239413918,0.138088438,0.008276594,7.760907743,0.563366102,1.180547706,24.96891107,23.71783747,3.573223444,0,0,0,Myagdi
6.607133771,2.02222978,0.044691312,0.038475302,0.297580439,1.12024135,0.471937791,0.143964992,0.010060063,9.212940288,0.430180033,1.328580329,26.86957193,26.31810869,4.48726727,1,1,0,Sankhuwasabha
6.943368213,1.69677684,0.045105606,0.047081087,0.209629814,0.711229037,0.499251535,0.219656741,0.005695233,10.35738943,0.667867467,1.215484604,15.73806617,27.05378924,3.489608959,0,1,1,Sankhuwasabha
6.344518935,2.601731818,0.060441609,0.049567023,0.332435928,0.540763809,0.223334341,0.272884329,0.011752911,12.45842957,0.308835945,1.355338898,22.37682805,26.19915508,5.07173798,1,0,0,Parbat
6.257451919,2.121824627,0.056818915,0.032140105,0.182096021,0.88989263,0.245044286,0.112624758,0.006877014,11.20618937,0.63111675,1.296607477,23.16227108,28.23757528,4.15370573,0,0,0,Salyan
6.349472887,1.788873145,0.068467073,0.02668767,0.418767939,0.755857515,0.385958789,0.225013491,0.01300684,8.298929443,0.477568103,1.140524404,17.62910912,25.83165326,2.75894331,0,1,1,Parbat
6.774620635,2.176713558,0.055839282,0.021637946,0.25353827,0.89837196,0.261286935,0.223687607,0.00933976,14.97037983,0.585958487,1.342069963,16.14114021,22.56620658,6.882718683,1,0,0,Taplejung
6.598625333,1.959225998,0.046407079,0.045079913,0.320115966,0.970443936,0.295458878,0.319416889,0.009576666,10.52955062,0.507980148,1.242207922,28.04760333,27.72675303,4.253491215,0,1,1,Udayapur
6.341071939,3.343570818,0.055906548,0.028966334,0.328328787,0.909350318,0.302538842,0.230748909,0.008744532,12.55078148,0.613955554,1.388114672,21.13747938,23.78968753,3.097794793,0,0,1,Rasuwa
6.65398023,2.940819878,0.061087036,0.018471094,0.274109503,1.290493507,0.108032684,0.269149449,0.009423922,9.696571133,0.461263804,1.300132569,23.17983875,26.820837,4.747611298,0,0,0,Taplejung
6.529123265,2.496013679,0.058204822,0.043885786,0.35866938,1.065348953,0.298616225,0.257062857,0.012837063,11.06671849,0.390137957,1.339542099,15.88961994,28.14746843,5.102557349,0,0,0,Salyan
6.790593497,3.239972069,0.05507274,0.064929995,0.252509634,1.060094872,0.231027223,0.143471676,0.005024383,11.67893701,0.642050429,1.204243104,13.90357767,25.91337602,2.380299912,0,0,0,Bhojpur
6.289384072,2.538684154,0.060666747,0.039939291,0.38712973,1.124441429,0.250687718,0.288410361,0.012553931,12.43638942,0.488651935,1.241066777,17.15275113,22.00768237,5.497471501,1,1,0,Bhojpur
6.401701356,2.069357899,0.061692956,0.048384908,0.165402032,0.772233376,0.4443632,0.260769825,0.010676047,12.11473661,0.522155847,1.254136136,19.37989306,23.16357567,3.429263647,1,1,0,Parbat
6.382367554,3.261562039,0.06382159,0.040818294,0.312637958,1.207822357,0.174349311,0.275413432,0.007585957,11.744394,0.623475191,1.385670248,14.67889997,27.64548893,7.566543214,0,0,0,Nuwakot
6.060945516,2.769455022,0.056487099,0.039011103,0.4938929,0.984847143,0.381320519,0.446311885,0.007849375,9.369826538,0.396804476,1.467737709,19.95077596,24.66175463,5.785940768,0,0,1,Syangja
6.588836083,1.981376923,0.048328819,0.049190765,0.199966868,1.134096123,0.272103707,0.145794353,0.013352786,8.856507916,0.55954909,1.219482825,11.55747406,25.15914707,4.400150015,0,1,0,Mustang
6.578316582,2.404830661,0.051467137,0.037097255,0.232225503,0.785628553,0.272023983,0.336234832,0.008108986,10.66521502,0.441010524,1.407684814,14.39976289,26.51764883,3.882248345,0,0,1,Mustang
6.501534037,2.062190873,0.06206509,0.042673923,0.351390785,0.689248247,0.37903719,0.235627624,0.007693299,11.86625614,0.486783064,1.083032258,23.35455624,26.39264572,4.842548439,0,0,0,Syangja
6.42962386,1.808600135,0.041830643,0.043216978,0.317958178,1.163577932,0.334005129,0.264366445,0.012274629,9.554558598,0.507227897,1.18058106,23.0189526,25.55759962,5.919186112,1,0,0,Parbat
6.075388777,2.963088774,0.053686733,0.033319095,0.33506301,1.075281905,0.3570613,0.247724388,0.010677106,12.13034393,0.349977814,1.204122154,18.04061617,24.58266326,4.961758807,0,1,1,Kailali
6.373806403,3.45470832,0.046066612,0.049920423,0.348918713,0.819589689,0.396818466,0.228788183,0.008124149,12.90523349,0.422116296,1.164749131,14.91117845,24.37466311,4.674261789,1,1,0,Kailali
6.397185645,1.800716213,0.050287448,0.038250402,0.363472147,0.826067384,0.266869162,0.221508354,0.01043325,8.167358162,0.635107289,1.141641161,14.86298224,26.71579765,5.087555436,0,0,0,Dolakha
6.259316819,2.781484618,0.062784519,0.032442548,0.410969984,1.225086957,0.238776327,0.266475437,0.007948495,8.326158592,0.588619119,1.341299891,18.13365877,26.10713906,4.094211603,0,0,0,Syangja
6.451614287,2.174678715,0.051910991,0.045365098,0.340981866,0.762117621,0.191484947,0.174141315,0.012201643,9.719249882,0.493736042,1.27859323,23.22259246,24.4854,4.48519111,0,1,1,Myagdi
6.621215257,2.256437308,0.050464365,0.03101532,0.275874235,1.328534591,0.217458947,0.287528958,0.012122742,10.61522534,0.524312346,1.33794054,24.64122846,27.16422463,1.871311342,0,0,0,Sarlahi
7.06585577,2.203803038,0.036401439,0.040281812,0.36725737,0.819875853,0.594909443,0.22919028,0.011064012,8.950865972,0.470575749,1.369047269,17.51734132,24.74193177,6.460589346,0,0,0,Ramechhap
6.552373344,2.068004615,0.057462536,0.03990881,0.489988193,1.127678385,0.424467958,0.193496533,0.010723322,12.70440536,0.635658339,1.326561699,14.23253787,23.29667565,5.44819667,1,0,0,Ramechhap
6.577265117,2.524260814,0.056454842,0.050858956,0.286736625,0.934276305,0.164892563,0.227499357,0.013522376,10.84813372,0.479964742,1.365776318,21.33921819,23.4820586,3.839816234,0,1,1,Okhaldhunga
6.477666225,2.084524942,0.071632547,0.044746982,0.20254707,1.120637486,0.167754204,0.312857461,0.009999373,10.0788941,0.523184209,1.293046771,15.88232515,23.04251833,7.848102472,1,0,1,Udayapur
5.924368635,2.635228413,0.046922218,0.03974973,0.410708067,0.8911772,0.348186606,0.223233246,0.007636252,7.128180952,0.614603014,1.181300661,17.40873681,24.45517997,5.130524721,0,0,0,Bhojpur
6.492045837,2.474880945,0.052191503,0.048177663,0.287961884,0.967441419,0.35472648,0.267922681,0.010898948,7.368368367,0.422262852,1.405781418,26.62638045,27.46744856,3.445784642,1,0,1,Syangja
6.518069063,2.380525977,0.052493837,0.053902075,0.082733045,1.008183835,0.354888384,0.213452186,0.014172094,10.5620185,0.655878918,1.241088787,24.13557714,23.38980964,6.285106132,0,0,0,Dolakha
7.238972634,2.046218169,0.065774533,0.045578103,0.384742168,0.799562509,0.274504421,0.287896092,0.007970481,5.734808748,0.346953859,1.20644037,20.78987156,25.37695152,5.597072325,1,0,0,Taplejung
6.442291711,2.211614335,0.049047045,0.040103526,0.246467181,1.148164869,0.287454574,0.284275387,0.009277074,12.02527482,0.662964213,1.282208212,13.64040499,23.68662131,5.591869978,0,0,0,Kailali
6.590464203,2.877695613,0.052790215,0.026881638,0.290946672,0.897357287,0.332787952,0.342430442,0.010832892,9.683692311,0.462732442,1.208718908,21.05698284,24.47938192,4.361366593,1,0,0,Sarlahi
6.489586469,2.750458594,0.056078965,0.029348863,0.333198033,0.954280017,0.308589301,0.241221803,0.00989219,16.48618594,0.475730125,1.258256962,25.31328645,21.97991758,5.675743586,1,0,0,Rautahat
6.149396589,2.011222378,0.051866091,0.036947753,0.319049968,0.801130125,0.078069963,0.28343274,0.008035393,14.6158325,0.310998983,1.334405392,18.12183167,24.55892354,4.607362565,0,0,0,Saptari
6.842846844,2.549666153,0.045535664,0.033904878,0.370945182,0.487533268,0.277020037,0.254903377,0.012243716,9.637101862,0.454520528,1.334834174,26.75557045,24.61258924,5.833912177,0,0,0,Nuwakot
6.72557991,2.875693562,0.0519409,0.038130287,0.256451363,0.961794447,0.214859357,0.314793589,0.014640081,9.787325995,0.396019347,1.210216993,26.46372645,26.08057589,2.142583319,0,1,1,Udayapur
6.737309584,1.665297359,0.060736317,0.040566499,0.35131058,1.482523084,0.317521142,0.214058381,0.010392263,11.99116303,0.439235365,1.251229463,28.31866416,25.44656183,4.349189806,1,1,0,Okhaldhunga
6.227183764,2.771680096,0.039734847,0.045296928,0.274045332,1.156920858,0.5985259,0.287250266,0.008191863,13.40634522,0.486268903,1.4074333,21.52621563,22.60321575,7.583232647,0,0,0,Syangja
6.920838293,2.168688121,0.051329697,0.039295012,0.373881048,0.996147924,0.336748167,0.240265135,0.006902079,6.723941885,0.595779161,1.349640012,22.9369585,27.16839649,3.849398817,0,1,1,Ramechhap
6.079444681,2.785299334,0.042998792,0.044865016,0.361536748,0.947421834,0.268647031,0.246790591,0.010515952,6.427249069,0.520760335,1.507506504,27.07093644,25.42060608,4.094242554,0,0,0,Mustang
6.676057128,2.118370422,0.061950466,0.040644744,0.20645613,1.004493179,0.39218015,0.254587624,0.012207755,8.755930389,0.530767665,1.418012817,22.23696969,25.39678703,4.328057992,0,1,0,Rautahat
7.157136688,1.59755895,0.034768131,0.020245334,0.408598212,1.109423823,0.348268789,0.26261202,0.010950335,11.16547517,0.390448061,1.414429307,17.49382946,24.98163529,3.177790796,1,0,1,Dolakha
6.202839102,1.686228781,0.044410782,0.030606646,0.246403655,0.763837437,0.342009449,0.244188548,0.009995192,10.99374718,0.411924591,1.161213145,17.75728582,23.96448511,1.687578836,0,0,0,Okhaldhunga
6.330110681,2.524042473,0.053772119,0.038559124,0.38080578,1.222864339,0.360685059,0.260735659,0.008821457,12.13954291,0.679872502,1.376386035,21.19277477,25.43560468,4.654120402,0,0,0,Udayapur
6.52989541,2.629861251,0.06565524,0.027903053,0.336728731,1.143076263,0.505654356,0.328905903,0.007815673,7.600604943,0.426479897,1.29468932,13.54719289,25.95117687,5.203789136,1,0,0,Mustang
6.348957304,2.047841687,0.049342497,0.045999287,0.483818368,1.143637145,0.186911156,0.299272484,0.011669503,5.367712274,0.665620825,1.24490182,19.28370542,21.50620862,4.921242397,0,1,1,Salyan
6.034800971,2.819296229,0.044448005,0.055307508,0.277653402,1.087695148,0.347363208,0.29345773,0.011827543,11.71602839,0.47569388,1.316801534,25.48273559,23.92247833,4.782682157,0,0,0,Okhaldhunga
6.520568892,1.669239969,0.068811571,0.052187619,0.26506832,1.003923332,0.207361887,0.227223024,0.00690854,8.343607454,0.500228794,1.394521153,9.043730744,24.49010606,5.064561306,0,0,1,Rasuwa
6.181308886,2.466960101,0.035519861,0.037865571,0.298058039,1.134572247,0.355551265,0.205537959,0.013179678,5.963024271,0.607036516,1.350083159,27.67241051,25.51234121,6.534262207,0,0,0,Syangja
6.642077729,1.8944919,0.02801194,0.054907261,0.269682022,1.118362827,0.208131349,0.297765028,0.011148142,10.29012749,0.627189242,1.21215262,25.61187109,27.38662201,4.714330721,0,1,0,Rasuwa
6.22417273,2.174081946,0.054400145,0.041486675,0.37999419,0.929191858,0.258263319,0.29380234,0.012799189,11.58635138,0.488918744,1.374245891,17.70117692,23.45651837,4.138876134,1,0,1,Taplejung
6.964980322,2.523699336,0.044979458,0.03662914,0.138368939,0.885279645,0.270491009,0.323633534,0.007315745,9.755885736,0.461175695,1.236241246,22.71695414,24.00407631,4.578311773,0,0,0,Saptari
6.265024012,2.069793317,0.039787672,0.033865973,0.194631758,1.020371259,0.397581672,0.219800969,0.007268352,9.084303228,0.494407955,1.321668312,20.01573863,23.97493178,5.86902014,0,1,0,Syangja
6.403381545,2.307722228,0.057083564,0.036975303,0.193219708,1.30980403,0.391845444,0.238522567,0.009702061,9.681275536,0.533795753,1.269664993,26.14995184,23.39694482,7.118040318,0,0,0,Nuwakot
6.744055165,3.003146405,0.052438007,0.036118232,0.395030759,0.752178585,0.175428262,0.168025792,0.011005569,9.258834475,0.589130369,1.278113375,24.91341571,24.30562701,4.057784391,0,0,1,Kanchanpur
6.130740705,2.211554065,0.044359214,0.041704162,0.471061337,0.706494947,0.305493411,0.230376445,0.013592722,7.303905776,0.500422986,1.376624298,12.99964638,26.54160444,5.148400681,1,1,0,Nuwakot
6.56823798,2.917846056,0.037196956,0.04160574,0.289555078,1.032952168,0.229042015,0.299828526,0.011412158,8.570638646,0.56188863,1.195980628,22.93631207,22.89232901,5.507536163,0,0,0,Mustang
6.892142826,1.935146573,0.058724573,0.04003046,0.283117828,1.01017754,0.174149509,0.226675231,0.009514637,11.04255981,0.663835973,1.494519507,18.97186073,25.85562879,3.51113299,0,0,0,Sankhuwasabha
6.01775503,2.764902089,0.056502012,0.044369382,0.307005216,1.034668333,0.278298295,0.28202399,0.007947262,10.64335708,0.538130961,1.117891393,20.41416285,21.59619554,5.030625751,0,0,1,Rasuwa
6.555390158,3.22078431,0.049008241,0.051906463,0.41618783,1.04879064,0.269151721,0.240474845,0.012460001,10.33611961,0.531165286,1.240233232,16.3591405,23.87732401,2.801489214,0,1,0,Udayapur
6.577964838,1.26417775,0.06846637,0.049495541,0.207264687,0.955359549,0.542671649,0.266202851,0.008070589,8.009703036,0.348108917,1.337021189,28.74068535,24.3410214,2.346424544,0,0,0,Mustang
6.734546862,2.101552372,0.039299152,0.02515102,0.323836898,1.297972688,0.343295983,0.192615431,0.013256937,9.636993676,0.236926986,1.358431417,25.2003091,28.34971935,5.550119612,0,1,0,Sankhuwasabha
6.128914787,2.788536064,0.034744748,0.014460789,0.397519763,0.679819204,0.16223825,0.254260472,0.009431231,5.645869907,0.538837573,1.289952428,16.30114418,24.45039539,4.424187888,0,1,0,Syangja
6.103863016,2.398477307,0.043080919,0.049343199,0.350109417,0.834300595,0.2435226,0.100443201,0.013181164,10.35695333,0.490517577,1.29426093,13.32694697,20.59751305,5.303420611,1,0,0,Taplejung
6.65658247,2.685572937,0.04954414,0.026331213,0.318958162,0.979349048,0.40213833,0.240655192,0.011357863,12.85771542,0.448521733,1.341055009,18.07163685,21.00222219,4.973157534,0,1,0,Kailali
6.589095402,2.198007407,0.052433394,0.037752346,0.400104609,0.671362238,0.508844277,0.168476338,0.009726009,7.051735736,0.52435302,1.276893052,22.17251323,25.06805917,3.535399927,1,0,0,Myagdi
6.575147855,2.543294894,0.047587639,0.02829887,0.029676771,0.964829119,0.141401669,0.310299726,0.008961207,8.828144653,0.493959627,1.439318126,21.20102922,26.22754171,4.932118547,1,0,1,Dolakha
6.603934463,2.422161382,0.053520554,0.021980196,0.367787532,1.332294033,0.112007561,0.288870368,0.009318184,10.65821356,0.612778025,1.383934911,26.26566412,25.75091172,3.150348042,0,1,1,Mustang
6.295992584,3.083891031,0.037484606,0.045414627,0.234592432,1.004177298,0.487096518,0.273333549,0.010856633,12.50568527,0.508611087,1.387282435,23.94959861,25.33514021,7.086458537,0,1,0,Mustang
6.569676109,2.627210422,0.064437646,0.047591552,0.11693671,1.046140181,0.338961418,0.326050311,0.010154313,9.103550767,0.425307671,1.203384328,24.84784513,27.3245192,2.966044483,0,0,1,Rautahat
6.587921742,2.668801331,0.049178488,0.034234896,0.35112026,0.747967047,0.213170727,0.202554174,0.008812377,8.615499341,0.599016624,1.292061158,21.634277,23.92081756,4.706322094,0,0,0,Sarlahi
6.285694575,2.294061517,0.061172958,0.014089577,0.437365855,0.876727718,0.353462909,0.33736816,0.009668737,6.062153715,0.478286893,1.269953405,13.05350635,26.78982111,3.436592618,1,0,1,Okhaldhunga
7.059732353,2.256196888,0.053427253,0.034537556,0.286255149,0.924960724,0.036425226,0.296609578,0.010157154,10.20687626,0.552653668,1.199439862,19.02150734,21.73597023,5.85563176,0,0,0,Okhaldhunga
6.642149876,2.283720906,0.054567532,0.04391804,0.395287455,0.936456981,0.300337551,0.238172236,0.005742532,14.08415208,0.452258929,1.336016418,25.3004487,23.19010433,4.502852943,0,0,0,Okhaldhunga
6.142608951,2.697226071,0.055697673,0.025210884,0.461227826,1.256328759,0.332782117,0.306781007,0.010916336,10.55471692,0.435017311,1.246235424,19.74238536,21.38591721,4.221999921,0,0,1,Okhaldhunga
6.696966083,2.28950776,0.054477086,0.041833599,0.431491445,1.111538212,0.392427014,0.194685324,0.008040558,9.955442042,0.508416823,1.365540383,22.51545184,24.4503094,6.279802318,0,0,1,Bhojpur
6.207595499,2.644887428,0.056427228,0.039846902,0.463996453,0.777708409,0.198610405,0.208774292,0.007693335,10.64416462,0.501282864,1.192980844,18.40625842,24.90747757,5.044145888,0,0,0,Dolakha
6.736125381,3.537700399,0.063291525,0.045792915,0.374212749,1.049300956,0.308568716,0.219570514,0.006625311,9.977815992,0.547982704,1.471904061,14.85094076,25.22820298,5.774966669,1,0,0,Syangja
6.847578674,2.935562352,0.051965212,0.041195804,0.307543364,1.09964435,0.207457537,0.223551115,0.006412215,8.373971255,0.473135425,1.210366734,19.38327968,25.12376671,3.528011095,0,1,0,Parbat
6.253795304,2.336988234,0.057090038,0.030269311,0.139803419,1.228029808,0.325538376,0.197172118,0.007289105,11.64655983,0.316364022,1.321930234,21.54523722,23.14489334,2.892774584,1,1,0,Kailali
6.789012839,3.100606961,0.049102643,0.051965715,0.275393751,1.316108137,0.210465368,0.311154153,0.008581958,10.45152305,0.456722612,1.379185931,16.7215614,24.61951831,5.160811943,0,0,0,Humla
6.623834278,2.295962313,0.064401172,0.038414704,0.21567534,0.796981162,0.259189916,0.23705728,0.013906518,10.0352265,0.579381847,1.242935957,18.82144378,22.00510666,4.521730467,0,0,0,Udayapur
6.746618048,1.480937732,0.043236077,0.039726955,0.517094272,0.837828498,0.200418461,0.267625248,0.008948241,8.049267945,0.470262392,1.385246864,15.30268379,27.72645795,5.939652009,0,0,1,Okhaldhunga
7.069037895,1.995956845,0.068009404,0.03066732,0.282411419,0.748484428,0.365113624,0.221482432,0.0103555,12.60701586,0.47536166,1.17708164,25.59622459,24.39274785,4.880137321,0,0,0,Taplejung
6.426383565,1.564604039,0.04959842,0.035567177,0.312320481,0.953196028,0.385845112,0.158969835,0.010800963,11.32940549,0.598637651,1.44521177,18.52772121,24.02222776,5.307613009,0,0,0,Saptari
6.273879151,2.324243258,0.035692249,0.031151973,0.355148538,1.093271675,0.276537943,0.263502868,0.01026213,8.894158325,0.428802677,1.301414926,27.26377773,28.17788066,2.564926205,1,1,0,Kanchanpur
6.233145671,2.50920919,0.051281044,0.038270539,0.304360245,1.197466903,0.303823799,0.154387251,0.009845113,12.00364971,0.345719678,1.240358859,27.64373925,22.51550693,7.832655409,1,0,0,Taplejung
6.255256915,3.338218656,0.043189483,0.057117085,0.469505104,0.984809795,0.155140859,0.246568298,0.007609412,9.004858323,0.483936888,1.270081823,19.59477018,22.74882577,4.753637022,0,0,0,Sarlahi
6.476869487,2.663463687,0.058406435,0.026280989,0.237735064,0.936030495,0.270032335,0.181584248,0.012901855,8.435993015,0.451582605,1.380891927,14.95775634,22.80755935,6.046380456,0,0,0,Bhojpur
6.602345592,2.390449736,0.04347376,0.023864386,0.319460746,1.030351598,0.294979538,0.3493638,0.013614393,8.480593765,0.403375368,1.241554471,9.570510611,24.86425724,3.745862495,0,0,1,Nuwakot
6.58300724,2.914702791,0.045538166,0.054711703,0.225752941,0.83297142,0.562079309,0.295568136,0.006634683,6.457862894,0.482462154,1.225064231,12.63981463,25.86326326,5.462014853,1,0,1,Dolakha
6.748154975,1.394432345,0.031104593,0.037906763,0.167997749,1.417907744,0.188803297,0.25528769,0.007951943,10.94308476,0.549150565,1.27784634,13.13082588,26.47935094,3.045732855,0,1,0,Myagdi
6.503900568,2.617807279,0.045476937,0.033309273,0.238823091,0.678467795,0.446417724,0.313185334,0.009440379,6.337710243,0.499071144,1.182303789,26.89234814,30.14399063,5.678101757,1,0,0,Mustang
6.936060223,2.885432597,0.025761207,0.050399047,0.29629632,1.036948116,0.399685877,0.207684201,0.008070924,7.543112337,0.530698107,1.482054391,20.57912294,20.50113509,4.466038873,0,0,0,Kanchanpur
6.42060295,1.760706877,0.034160972,0.033943845,0.257069778,1.404721244,0.32806364,0.277173969,0.011011931,5.848823982,0.68134077,1.243360541,21.94802262,26.21747118,5.043785756,0,0,1,Kailali
7.31605075,3.071877022,0.057604147,0.058260097,0.230757902,1.001359969,0.475862048,0.259990522,0.008543456,9.827860614,0.465712114,1.383161679,8.897894955,23.88573885,6.046961045,1,1,1,Dolakha
6.687700204,2.669248204,0.057858002,0.046779259,0.159368254,0.961992193,0.337210547,0.263201004,0.014330112,9.699359079,0.527834863,1.320947008,14.01016785,23.8271697,3.151189533,0,0,0,Salyan
6.242852733,2.292356043,0.054254576,0.035120886,0.291689443,0.928510915,0.33891592,0.313617675,0.012381097,9.346607574,0.449078664,1.201546595,24.43539888,23.76045574,3.973262404,0,0,0,Kanchanpur
6.178732251,2.816390933,0.040330239,0.061573082,0.149527963,0.963921664,0.294687935,0.286624605,0.010425148,7.914844611,0.415364028,1.299404529,21.43387056,23.18246066,5.685986422,0,1,1,Rautahat
6.644741725,3.635346429,0.049522886,0.033942851,0.376005596,1.274569695,0.422356888,0.264436183,0.012053973,7.655532493,0.441509235,1.378400278,19.26397361,28.36904967,8.147332212,0,0,0,Salyan
6.432961164,2.590933128,0.049963975,0.047420954,0.308243975,0.557627618,0.409646923,0.167255628,0.012211801,10.92873973,0.452124143,1.281173866,22.82421179,26.68459465,4.792876498,0,0,0,Parbat
6.714200148,2.624110293,0.038416353,0.042992926,0.15424485,1.30668674,0.237432271,0.201997685,0.008872105,8.898896137,0.53594758,1.419311295,28.17898903,25.04639196,5.886704177,0,0,1,Ramechhap
6.641971287,2.27031955,0.065033983,0.053017413,0.269079092,0.71520857,0.168075281,0.243864553,0.008367566,10.63271664,0.734907579,1.402151539,18.89478768,27.7020315,4.839542795,1,0,1,Sankhuwasabha
6.478151326,2.075077815,0.058773623,0.055615112,0.224784359,0.946669534,0.279701936,0.254668619,0.010156286,8.229502628,0.428395656,1.391891485,20.34684901,21.97494207,7.913368392,0,0,0,Rasuwa
6.245961885,2.915167908,0.047790358,0.040320041,0.331917451,0.914151116,0.219996144,0.193489814,0.011723272,10.36212549,0.458337469,1.254034323,20.96298459,22.33858974,2.3791675,1,0,0,Ramechhap
6.045545833,2.071958087,0.050268858,0.032465821,0.434045045,1.117710654,0.293647543,0.370583834,0.010278121,12.60655607,0.493687699,1.192015755,31.96054818,20.64406454,5.141931567,0,0,0,Nuwakot
6.366045514,2.535783119,0.052083828,0.044599721,0.112482753,0.68037513,0.423743813,0.325819703,0.006846007,11.1723316,0.539579885,1.238641239,9.503218678,23.60117092,2.56168395,0,0,0,Mustang
6.756919638,2.261171277,0.029582651,0.033222846,0.311502608,1.092434533,0.254269834,0.280105916,0.008394351,9.175172364,0.526355081,1.319624094,23.41611507,25.32339705,1.240142644,0,0,0,Sankhuwasabha
6.564228123,2.739489913,0.047528226,0.060133872,0.28398672,1.404861925,0.295717662,0.253601843,0.009852054,10.51439794,0.628409579,1.354578671,19.42598876,25.20571716,5.44619308,0,0,0,Rasuwa
6.126278366,2.666831053,0.043180158,0.041365353,0.367134008,0.727365199,0.305802273,0.239389552,0.009848669,9.518669651,0.257360793,1.08284286,22.83385863,25.29868382,5.209246694,0,0,1,Kailali
6.551954278,3.018769972,0.0399838,0.036346784,0.321319663,1.037941234,0.384843088,0.202404077,0.013945084,10.01576037,0.261307013,1.29918868,16.71313723,22.17788634,4.572744593,1,1,1,Parbat
6.615595214,2.244991801,0.047188997,0.041846803,0.224803067,0.867603564,0.075311067,0.253874026,0.007228024,9.348777896,0.450412183,1.315808923,19.75517485,26.60630949,4.840708865,0,0,0,Bhojpur
6.234842769,2.365062532,0.067976865,0.026528737,0.268094606,1.085177441,0.239329971,0.262887627,0.011011178,9.671329588,0.609730019,1.272245574,23.5570529,25.47925504,9.647449151,0,0,0,Sarlahi
6.546117532,2.010618142,0.056408429,0.03028386,0.220397414,1.003829555,0.321128369,0.187911971,0.012978226,10.42418671,0.343435197,1.429127384,35.56455101,26.46610856,4.612737293,0,0,0,Bhojpur
6.517462616,2.27785337,0.04428821,0.052004139,0.407600714,0.871702618,0.420007896,0.266708821,0.014542899,8.013282601,0.199236766,1.342178007,24.04018095,21.21447564,5.765186542,1,0,0,Ramechhap
6.157108911,2.688650247,0.055725828,0.033431057,0.302131165,1.097574457,0.250809755,0.242237048,0.009191205,7.968242346,0.557117941,1.431019191,15.75967201,25.62298172,4.025952771,1,0,0,Syangja
6.607336208,2.878494308,0.063993554,0.02953089,0.490119069,1.360869622,0.112344729,0.154609622,0.010982859,7.222914892,0.524365722,1.278403948,17.88120159,22.62446952,5.442848863,0,0,0,Kailali
6.668235358,2.038917338,0.059246337,0.045366528,0.293933919,0.961819242,0.361971145,0.206980749,0.011139521,6.799457791,0.390979159,1.393747749,17.73292946,24.20535349,4.642649487,0,0,1,Taplejung
6.824915373,2.93480296,0.050596304,0.051857042,0.229159323,1.143951588,0.236463761,0.229319723,0.010390963,7.565434616,0.40144604,1.463506639,11.02178414,26.0687298,4.384222276,0,0,0,Myagdi
6.816140616,3.177818929,0.043530632,0.047189533,0.148628561,0.741345408,0.181033334,0.344384383,0.00980231,10.31892501,0.403025628,1.431169345,18.34954904,25.18218721,7.728347798,0,1,1,Okhaldhunga
6.08669919,2.706717452,0.056982233,0.049960477,0.119686032,0.808712725,0.237565461,0.277827656,0.010871951,8.214424969,0.511053532,1.190785841,23.66414541,23.29692004,6.765777445,0,0,1,Taplejung
6.218652488,3.438397906,0.053934854,0.032432049,0.141586406,1.094481256,0.281547464,0.183225922,0.004935508,11.02722893,0.437368472,1.274632392,13.6288394,25.01254631,5.205119971,0,0,0,Sankhuwasabha
6.65451058,2.1131054,0.058951932,0.025781893,0.326712665,1.296823206,0.239525534,0.274301814,0.011364139,10.0694275,0.549406392,1.265483529,25.24241326,21.93692937,1.543682096,0,0,0,Ramechhap
6.654135785,1.877672648,0.056351718,0.055013337,0.350872502,1.07112267,0.079443394,0.172634801,0.010252356,6.062991573,0.214537334,1.348925454,22.43887411,27.30053479,4.458486165,0,0,1,Nuwakot
6.654514306,1.610639876,0.060495527,0.036773202,0.14188093,0.937388394,0.38970662,0.304134553,0.00955505,11.30995117,0.414314813,1.368635356,16.32883339,24.58943196,9.054541347,0,0,1,Salyan
7.655819447,3.248022156,0.044647648,0.03749167,0.389503831,0.999858281,0.427487504,0.226443767,0.014093724,11.62159729,0.387394604,1.216110733,19.29235181,27.23709989,4.6540075,1,0,0,Sankhuwasabha
6.671267153,2.827182828,0.063173941,0.053281941,0.251693895,0.749918453,0.365152199,0.245318191,0.008650132,8.01227465,0.474365932,1.306783851,27.99160904,23.94693663,6.654826358,1,0,0,Syangja
6.840669692,2.472207665,0.051975996,0.0455623,0.314679301,1.120903065,0.186231433,0.316289832,0.009193848,10.84038309,0.446195224,1.098007267,23.66773907,23.95284802,7.162913603,0,1,0,Udayapur
6.786200529,2.639984313,0.070752609,0.044558878,0.461222063,1.176466612,0.279850847,0.185641822,0.013983107,8.287003525,0.579784378,1.444194501,20.04391827,23.47162643,5.328445874,0,1,1,Saptari
6.695417375,1.937255476,0.043108122,0.061650023,0.389683932,0.909581933,0.299347868,0.180144091,0.008335877,10.19534075,0.314066323,1.248762576,18.81158342,26.75234786,3.737267552,0,0,0,Syangja
6.405419227,3.72287599,0.067359638,0.033564818,0.273146935,0.90599157,0.359879439,0.220820034,0.008899769,7.471003186,0.504549148,1.305586394,20.38304535,23.58113769,1.347031502,0,0,0,Rautahat
6.727690766,2.564610591,0.051979108,0.049278401,0.210880777,1.053175646,0.366834049,0.301918943,0.009705949,6.413787095,0.555833642,1.269035029,17.44118221,26.28919086,6.026244813,1,1,1,Rasuwa
6.268152436,2.554697397,0.04348582,0.040570131,0.08481846,0.912656053,0.22658262,0.174032696,0.011681469,9.234365621,0.685664744,1.414602758,9.476252471,24.2350952,3.777865996,0,0,0,Humla
6.428954418,2.862883312,0.045161142,0.042685923,0.228084668,0.986773477,0.308199556,0.10839222,0.010415605,9.752542107,0.451823403,1.016249356,30.21088955,21.0480734,5.264225678,1,0,0,Bhojpur
6.354390936,2.740504616,0.046796527,0.055284684,0.278886976,1.419944358,0.34572804,0.227442057,0.007414749,9.204640613,0.53244586,1.298338966,20.776625,23.85937186,3.125269491,1,0,0,Saptari
6.524562242,2.611942012,0.054241659,0.045078358,0.201282047,0.95059486,0.445582232,0.27758704,0.008935663,7.631938884,0.319613721,1.289418124,21.99073633,22.64178357,4.602143689,0,0,1,Kailali
7.19439757,2.104762772,0.055228355,0.045382961,0.286874303,0.92833197,0.370450654,0.310013087,0.008785291,9.200201876,0.26080438,1.254636361,19.71046125,25.06780545,5.050578582,0,0,0,Nuwakot
5.939820442,2.735734179,0.044263,0.050725073,0.307685188,0.870491639,0.378905669,0.226841932,0.009845558,10.53858951,0.584477438,1.472622655,16.324416,22.61918453,5.402890372,0,0,0,Syangja
6.705878057,3.441012248,0.049756454,0.036350473,0.277514402,1.148838394,0.308382663,0.22942867,0.010851687,9.91021394,0.499443971,1.211267054,19.0703776,26.8519502,3.327766719,0,0,0,Taplejung
6.016185239,3.172710023,0.071422704,0.031607903,0.234999742,0.963755165,0.441045915,0.307695037,0.010836412,10.36500206,0.617851269,1.377179618,12.00302619,24.81784828,6.795366423,0,0,0,Rasuwa
6.35842044,3.296593313,0.067275432,0.029551908,0.316865467,0.870125392,0.34097628,0.156512915,0.006447976,8.659769599,0.362659711,1.335625279,31.38543249,24.64480801,4.104657823,0,1,0,Okhaldhunga
6.826685179,2.244392162,0.054363237,0.020336434,0.344194065,1.264260806,0.213891209,0.230573961,0.012127882,12.34343583,0.551990214,1.426151925,13.82744001,26.31178428,2.488295809,1,0,0,Taplejung
6.519284006,2.00519759,0.050380035,0.060562071,0.190960092,1.283920601,0.440336997,0.259521194,0.010505138,7.647653327,0.686881784,1.233281092,14.84016858,26.92781387,4.83646487,0,0,0,Sarlahi
6.176676567,2.43710654,0.051200313,0.028967916,0.441093238,0.879915287,0.369790327,0.272460936,0.012769064,10.97512059,0.541970561,1.22670311,17.79870398,24.9598025,5.051562964,0,0,1,Kanchanpur
6.285408887,2.527862456,0.05613518,0.037787464,0.290141187,0.62669201,0.255695598,0.224509665,0.010888397,12.36378219,0.527658151,1.409606991,26.44037862,23.4575994,5.24088415,0,1,1,Rautahat
6.703879325,3.047095759,0.039772074,0.037231867,0.301884962,1.201502738,0.252050703,0.251722051,0.012202646,10.96181619,0.500855608,1.342532131,20.072545,21.45206077,7.043198606,0,1,0,Parbat
6.28089001,1.653767685,0.047426235,0.043074067,0.370821442,0.863074035,0.329657555,0.125583632,0.010933091,9.594951546,0.342911854,1.145506265,13.81932102,23.62790049,4.645326745,0,0,0,Syangja
6.564937577,3.26477516,0.033314159,0.048157372,0.323321613,1.15812512,0.34631848,0.217087579,0.012692452,8.943405907,0.635557294,1.246069499,26.2716918,23.76557551,4.820570563,1,0,0,Rasuwa
6.513671552,2.420996051,0.053992231,0.048604735,0.395313663,0.605979236,0.319729227,0.272675436,0.011044501,12.0721753,0.438914236,1.338638265,23.65500313,25.21411491,3.345223428,0,1,1,Parbat
6.304519896,2.286559465,0.056471959,0.034169226,0.328712417,1.178519468,0.331130867,0.200885298,0.00980417,7.154050149,0.550448326,1.383776422,22.69217479,24.30970624,6.230830254,0,0,0,Dolakha
7.143183227,1.993947812,0.045168135,0.038328783,0.238756263,0.757765614,0.469995737,0.252949211,0.014544869,8.059751479,0.343696569,1.232076935,23.57867121,26.37586594,5.276463596,0,0,0,Mustang
6.690175707,1.672571664,0.065739868,0.0428258,0.336150353,1.146152824,0.407154315,0.272343625,0.011778074,9.204884469,0.382054034,1.008574401,31.9718095,23.77403346,4.369958409,0,0,0,Rasuwa
5.892457224,2.911585292,0.037742343,0.037513089,0.185627379,1.002854614,0.319063559,0.23287254,0.011147489,12.47530752,0.64350874,1.352322319,30.92547448,24.88591767,2.14298796,1,0,0,Nuwakot
6.555936294,2.536658984,0.035356251,0.056073456,0.310855971,0.809212116,0.394131058,0.258523189,0.007447391,10.75953527,0.465269771,1.177967931,16.56642328,27.36797489,7.166618293,0,0,0,Rasuwa
6.301464061,1.85501955,0.052244518,0.04490975,0.296677001,0.918592737,0.19674761,0.201863372,0.007423385,8.063908483,0.645327548,1.09826612,28.11942496,25.68365043,3.158480053,1,0,0,Sarlahi
6.75573,1.852460614,0.060470983,0.047348778,0.279188314,1.137263691,0.339792705,0.239669436,0.010585431,9.379384589,0.492176934,1.016767408,21.91584095,24.87992492,4.113082986,0,0,0,Ramechhap
6.262243778,2.33210765,0.066839277,0.046628813,0.287146249,1.021178891,0.480930635,0.280510808,0.010291042,8.771353712,0.315810223,1.381398086,22.49547908,23.79611112,5.537516767,0,1,1,Kanchanpur
6.465579068,3.334510763,0.045411157,0.051734739,0.111815095,1.116882596,0.27819541,0.257848648,0.008771755,8.580422016,0.58920676,1.312861745,11.53864584,23.73353721,3.205163107,0,1,0,Bhojpur
6.651496184,2.370204324,0.060786808,0.041810216,0.245127509,1.395288117,0.215236607,0.220673437,0.010281965,11.95777912,0.441010768,1.277434362,19.14807117,23.29877349,2.759735333,0,1,0,Mustang
6.759726558,1.748428523,0.049614915,0.027031681,0.30928449,0.687151678,0.234791111,0.26121082,0.013177254,7.256513741,0.569868881,1.438902436,15.93588205,23.91798627,1.814078626,0,1,0,Udayapur
6.139911078,2.377128468,0.048273727,0.04399688,0.315985639,1.323442515,0.191036696,0.28573049,0.011390805,13.21756171,0.502521087,1.363732468,24.14029407,26.51133168,6.081495429,1,0,0,Rasuwa
6.399649629,2.363638215,0.058836599,0.033486431,0.197232486,1.020871188,0.221523809,0.147502936,0.007717983,11.65645938,0.345688177,1.461630004,25.3554025,24.55622346,4.182220633,0,0,0,Saptari
6.357516407,1.151556679,0.056523229,0.034713833,0.426570784,0.82024319,0.26294919,0.307953703,0.009776982,12.18172334,0.516429477,1.160726453,9.627568245,22.30045386,9.390905139,0,0,0,Bhojpur
6.30400123,2.472852567,0.034236078,0.04586364,0.213382515,0.733937275,0.159443298,0.233187263,0.008390067,9.074120976,0.719622314,1.296544938,19.88982568,28.53633859,3.508467402,0,1,0,Bhojpur
7.029636272,2.384532735,0.064765403,0.052382831,0.39694572,0.962175922,0.301561833,0.271274497,0.0092246,9.700118562,0.549298646,1.138328663,25.60930752,25.63993038,3.617823465,0,0,0,Taplejung
6.621494513,2.848103182,0.063800914,0.040212716,0.342719436,1.184330022,0.390227717,0.309862346,0.009172769,7.133696371,0.494248225,1.277061767,19.06660519,22.1861132,4.151910545,0,1,0,Udayapur
6.121734814,3.424478047,0.043744373,0.04308833,0.235377269,0.974490176,0.209224382,0.181416315,0.009044709,8.950675186,0.60753434,1.275138415,23.64531823,24.11630215,5.364701983,0,0,0,Mustang
6.775358584,3.063282515,0.053958035,0.057022149,0.477531089,1.302230986,0.451928392,0.21452795,0.007489729,10.9873097,0.521066847,1.362661364,21.75582734,25.22177277,4.294694992,0,1,1,Mustang
7.136646859,2.365555655,0.054940302,0.042407532,0.180636317,0.709764862,0.351079209,0.235572565,0.009744691,12.59212612,0.520953423,1.304556388,21.70830116,28.40918419,5.918498321,0,0,0,Bhojpur
6.809739578,1.946737046,0.052606738,0.066016831,0.391915417,0.99758221,0.403058059,0.210812324,0.008878785,7.785686366,0.390837483,1.362340714,18.64342511,22.78377508,3.532117415,0,0,0,Udayapur
6.04418901,3.786679902,0.044496948,0.045655096,0.400058232,0.749521311,0.234216545,0.336746829,0.004141103,9.268988126,0.523384803,1.370344013,13.91709598,26.95208144,2.927612422,0,1,0,Humla
6.354729778,2.529609217,0.043283766,0.022392372,0.232937979,1.072726377,0.385452523,0.207161395,0.014105944,9.69740156,0.603544342,1.515492868,14.39234926,27.79897285,2.302677891,0,0,0,Salyan
6.880073345,2.506964646,0.049744459,0.047533416,0.43924653,1.177377478,0.19080661,0.222222661,0.012177539,7.208421596,0.416393785,1.268470334,23.54676257,23.74269139,1.664638748,0,1,0,Saptari
6.28769916,2.487937456,0.06172729,0.043811584,0.274995349,0.915847641,0.38902475,0.260219452,0.009247399,11.18269848,0.642449582,1.20589773,20.09729128,24.44497276,4.222896471,1,0,0,Saptari
6.633145828,2.59904238,0.055436002,0.052897528,0.328869363,0.479157229,0.317183934,0.189892524,0.010037638,8.552019337,0.490829398,1.324608362,19.30743878,22.92738151,4.548529531,0,0,1,Saptari
6.732390216,2.427819794,0.046293857,0.046731814,0.326032184,1.039789629,0.355325122,0.230215964,0.007656691,9.609219298,0.411223049,1.219771997,17.88054979,24.59307772,4.052844459,0,0,0,Kailali
6.221920859,2.213168997,0.057716987,0.03861544,0.286569126,1.08734771,0.182440539,0.265872663,0.013391446,9.096101256,0.599763208,1.448196077,18.47405577,24.92682005,6.865108696,0,0,0,Sarlahi
6.482142393,2.226570529,0.021514574,0.027757018,0.381080827,1.080858951,0.210493016,0.23335698,0.013794577,8.421322989,0.471320576,1.271678196,25.23455897,26.3193,6.842045314,0,0,1,Saptari
5.527619798,2.483623365,0.061487657,0.037909767,0.379348872,1.247156438,0.359722822,0.245330657,0.010313387,9.985910029,0.575951489,1.243442363,18.32377959,27.18036694,4.497795519,1,0,1,Salyan
6.192683708,2.228287614,0.032602862,0.031494795,0.125146803,0.785789264,0.2051652,0.223533394,0.012047061,9.568780843,0.470824137,1.252868428,13.29467643,23.50380787,2.30911833,0,0,0,Dolakha
6.424229555,2.143577109,0.046375591,0.034194766,0.430434024,1.136043221,0.346320629,0.174276485,0.010350574,9.256284235,0.494017386,1.371841742,23.71825888,21.06534987,4.149942338,1,0,0,Kailali
6.125665045,2.553215114,0.038803301,0.045885784,0.133750801,1.238501502,0.163286219,0.266079661,0.007326549,8.543076757,0.54935602,1.284225302,18.97561668,24.95751044,4.100267909,1,0,0,Mustang
6.989723391,2.372511391,0.037053185,0.056699045,0.40325462,0.644282483,0.384817421,0.337746654,0.009176353,10.63904934,0.529089706,1.235833318,20.15697933,25.58707506,4.014297557,0,0,0,Myagdi
6.070957587,3.251996494,0.061608268,0.043946715,0.412670514,1.063930365,0.176747669,0.250920082,0.010263856,13.30723454,0.300446822,1.466535192,28.03789153,25.49883538,3.953421644,0,1,0,Nuwakot
6.367986654,1.174515096,0.045322988,0.028041169,0.190903357,0.899164034,0.355229994,0.261263206,0.009090905,10.27977447,0.387875626,1.214383016,19.89719721,24.3466535,4.019805656,0,0,0,Myagdi
6.539222173,3.045753426,0.053465039,0.044446027,0.258918571,0.983695465,0.362563093,0.284636138,0.009562693,11.99223643,0.592940998,1.303556607,21.44591837,25.2495042,4.420187576,0,0,1,Rautahat
6.932381987,3.123042596,0.049530794,0.051966315,0.189429533,1.069535297,0.230322818,0.186533475,0.009817201,7.21955615,0.486786341,1.365230615,14.10538254,28.03088962,4.046688352,0,0,0,Sarlahi
6.069241355,1.463304884,0.054770408,0.033902171,0.278507897,0.902554287,0.358202657,0.335125733,0.009838243,10.31552288,0.44762687,1.136866489,18.90165274,25.76346834,5.312483763,0,0,0,Saptari
6.848949126,2.328656203,0.050768219,0.038659828,0.269196572,0.864858384,0.326044226,0.26011644,0.010104517,7.805263362,0.364142598,1.34802605,23.04763023,24.25326315,5.540553074,0,0,0,Ramechhap
6.503069918,2.314279567,0.037170078,0.040146882,0.377966053,1.006830483,0.246115814,0.331592845,0.00787879,7.046150145,0.392026368,1.194489232,12.22313133,23.99960437,3.634032369,0,1,1,Sarlahi
6.205547405,1.796244153,0.059962668,0.032151017,0.431030875,0.782550812,0.199144532,0.21334835,0.008565968,8.521257185,0.297820136,1.382278278,21.00422547,24.66029528,6.906597989,0,1,0,Salyan
6.638631042,2.111091656,0.045062434,0.046482804,0.439568381,0.782834974,0.103737431,0.340903096,0.007430831,12.38379867,0.489871928,1.203734899,20.50395536,28.27347992,3.529906547,1,0,0,Taplejung
6.559717909,1.944712077,0.034434181,0.038790519,0.243783197,1.135874657,0.334965005,0.288757775,0.011955631,11.90003166,0.440156242,1.369276903,20.20643728,24.63339858,2.573299079,0,0,0,Rautahat
6.319934937,3.376135222,0.045718848,0.044195324,0.279077813,0.770241193,0.143519723,0.277652004,0.005788706,10.48600944,0.403341211,1.410583307,25.18579449,24.96041131,5.571167107,1,1,0,Nuwakot
6.520940625,2.967839197,0.065007598,0.031125078,0.131656181,1.1332625,0.30953442,0.261701223,0.012307181,6.93459888,0.493187657,1.386143653,21.67219257,24.03537286,3.773887798,0,0,0,Rasuwa
6.384405921,3.135777547,0.058502217,0.035625417,0.219412993,1.092518259,0.273655178,0.237573569,0.012772699,9.607438697,0.536397063,1.325131665,27.39035949,27.19796671,5.481937206,0,0,0,Taplejung
6.534055204,2.860836032,0.046513479,0.047223814,0.396485163,0.654838654,0.367914278,0.310026583,0.009395639,10.60340002,0.709319793,1.276869906,15.03205242,28.91967451,1.394497098,0,0,0,Syangja
6.698639202,1.935474114,0.046507423,0.036271668,0.461558282,0.86448707,0.26979545,0.257017993,0.004793726,10.35107246,0.348811658,1.242358042,20.67962284,25.9012261,7.088683912,0,0,0,Salyan
6.975805045,2.237739867,0.046783649,0.057269639,0.176565113,1.238821881,0.267055221,0.151646515,0.009277379,6.312412833,0.615938104,1.447103469,20.42233393,25.16554581,6.008440112,0,1,0,Bhojpur
6.12865535,2.744687281,0.07076748,0.036003638,0.240753574,0.803766894,0.37318707,0.194140677,0.009871632,8.219364304,0.597310156,1.230050478,14.65372753,25.07356567,2.749285176,0,0,0,Okhaldhunga
7.139910012,1.888936096,0.053819355,0.042246847,0.297359424,0.907119148,0.333505803,0.240707712,0.007978804,9.871844472,0.422090726,1.196293393,24.78147501,20.23138642,2.781834314,1,0,0,Rautahat
5.91437366,2.856499215,0.054300416,0.049325908,0.328016116,1.092412179,0.331615596,0.265499949,0.008969563,11.07258182,0.520323595,1.366536894,31.62336653,26.49030173,7.508398856,0,0,0,Dolakha
6.454464471,2.379837301,0.060302835,0.025816343,0.219039648,1.156678102,0.346926759,0.247170576,0.01306039,5.607744358,0.454236675,1.22038632,19.91496963,25.26833283,3.893930145,0,1,0,Nuwakot
6.676495162,2.312589596,0.052387892,0.022391912,0.342406104,0.949692223,0.146442788,0.310948539,0.011329854,9.675752049,0.518568858,1.20499365,22.52510544,25.8566841,3.748722727,1,1,0,Syangja
6.58429756,2.855479984,0.047409579,0.024743437,0.252616065,0.880497961,0.375678868,0.152444907,0.008150872,10.28609754,0.650913101,1.155639574,20.42259238,23.57707561,1.600921859,1,0,1,Ramechhap
6.313190144,2.722131656,0.048036502,0.052625841,0.298554773,1.284473972,0.361246879,0.257179397,0.006804802,11.69922398,0.560560623,1.251709016,16.43207665,24.23108624,4.473832692,0,0,0,Humla
6.437563325,2.319516917,0.049283987,0.034481419,0.354628425,1.347779933,0.198331687,0.159101039,0.009345965,11.38571517,0.550860837,1.291728498,10.89619861,24.17795013,4.658420578,0,0,0,Kailali
6.35209972,3.079664902,0.049627778,0.065581993,0.300642227,1.19577161,0.275591953,0.287985615,0.009573086,11.16514264,0.456969068,1.324309173,16.47113258,27.04324597,6.073239645,1,1,0,Dolakha
6.323190573,1.959468336,0.057276295,0.034357524,0.256361411,1.017063629,0.296069271,0.245277064,0.010992398,8.400118987,0.351594334,1.395130624,13.0402081,24.24248033,2.901382358,0,1,1,Okhaldhunga
6.754880629,2.807967803,0.050519459,0.041845513,0.28903902,0.838346856,0.286550322,0.270980499,0.008929367,6.183995726,0.479153179,1.352689792,28.52051039,29.16532064,2.719569812,0,0,1,Salyan
6.607104646,2.796550629,0.057326401,0.0554211,0.291163704,0.833911119,0.333385997,0.206805852,0.011022999,9.213894486,0.620660815,1.280912778,19.42445153,25.86172484,5.676443952,0,1,0,Nuwakot
6.292127121,2.34522678,0.049192834,0.060060929,0.262998897,1.104502821,0.443136678,0.313973247,0.013870308,12.00326365,0.347283214,1.280180432,18.27040335,22.44863468,6.510095107,1,0,0,Sankhuwasabha
6.769879963,2.663066511,0.050786352,0.060615036,0.274120394,1.083679644,0.408176673,0.302086233,0.011631002,12.78690906,0.394491063,1.351015747,24.44576912,24.74290741,2.643271473,0,0,0,Rautahat
6.592189856,1.874443212,0.030017993,0.052083662,0.459864717,1.280319719,0.168778081,0.279177215,0.009903823,11.4210982,0.512626774,1.427257016,14.39124449,23.69664976,6.622271129,1,0,0,Udayapur
6.743858636,2.96201351,0.059163277,0.050240625,0.356091945,1.130090019,0.362206999,0.243524138,0.009633699,10.85868165,0.401534522,1.31263142,16.16567981,20.61123506,5.056312762,0,0,1,Okhaldhunga
6.688888653,2.407548932,0.053464885,0.045925269,0.270451968,0.69938394,0.432893332,0.278992864,0.009286654,10.7592793,0.420747655,1.253086915,20.34036135,28.19894188,6.637708009,1,0,0,Parbat
6.251301497,2.23863849,0.059980101,0.047783611,0.36969544,1.210389524,0.338680852,0.214655372,0.012361282,8.887762506,0.457640142,1.2007134,25.14384496,26.40628508,4.894669458,0,0,0,Rasuwa
6.331945688,3.024504613,0.021037446,0.034488143,0.266618051,0.800387875,0.409098043,0.292777783,0.008745373,9.739879413,0.36343826,1.155479474,22.50842523,26.06641464,1.216583124,0,0,1,Rautahat
6.724188082,2.147828155,0.070883747,0.031818011,0.417312464,0.923205746,0.501227045,0.332474045,0.010090445,13.33813905,0.402587815,1.366626967,21.24162571,25.33080732,4.772048927,1,0,1,Mustang
6.68311108,1.795769352,0.048604104,0.039966255,0.336964219,1.050040041,0.402370955,0.303530528,0.010102396,8.114883988,0.570342792,1.357797852,20.39058868,22.23596486,6.590215728,0,0,0,Udayapur
6.493729522,1.721685413,0.061081828,0.038298154,0.289269786,1.399133498,0.32493086,0.213519877,0.008996432,13.22955758,0.369263022,1.357736353,22.00117928,24.03276572,3.659380971,0,0,0,Humla
6.535198215,2.803004976,0.039600941,0.03546772,0.344771693,1.621983711,0.404508847,0.268070866,0.007255069,9.355943691,0.340212787,1.287134055,21.00826453,26.68356155,4.418052547,0,0,0,Myagdi
6.883299469,1.859785324,0.056127739,0.046963874,0.142912385,1.121344612,0.314488783,0.185342923,0.010645949,12.65086422,0.436997502,1.440693475,14.85013863,22.89755994,4.735799745,0,0,1,Parbat
6.322528583,3.377397091,0.039465844,0.049553052,0.187323253,0.963360676,0.302390304,0.278619516,0.009877992,7.186369981,0.57319555,1.251588151,20.23039611,19.93646137,0.65072918,0,0,1,Nuwakot
6.664129214,1.459035296,0.04376231,0.040884069,0.180607499,1.10690113,0.264858576,0.272530171,0.011000481,11.1718084,0.480307819,1.395526924,14.63155671,24.54578798,7.507021363,0,1,0,Nuwakot
6.439342204,3.348228184,0.069140314,0.054775301,0.314294309,1.177531085,0.456341336,0.156509183,0.008932799,8.526459728,0.453541892,1.296125711,20.40541271,24.71648489,3.64793648,0,1,0,Okhaldhunga
6.434695639,2.605508734,0.048093176,0.028583109,0.4732515,0.935866475,0.218157133,0.191910808,0.012441643,7.169465616,0.50443588,1.239164924,17.59676029,25.27112683,5.758603149,0,1,1,Myagdi
6.829633056,2.451643444,0.052174329,0.038063405,0.523130015,1.359042271,0.453236772,0.235843055,0.008246452,10.43706808,0.325429257,1.359253031,32.69690811,26.45703729,4.869948296,0,0,0,Mustang
6.747624905,2.227540457,0.058700677,0.032831777,0.36380511,1.046014152,0.349986412,0.234957013,0.013424081,12.01894358,0.549470565,1.340963612,19.80052808,26.27521162,6.886428585,0,0,0,Dolakha
6.744052891,2.699568057,0.054956819,0.021334634,0.350084447,1.099548618,0.160069383,0.189526153,0.006504727,8.310117123,0.538343503,1.335697276,12.97880217,25.51753961,5.609084184,1,0,1,Taplejung
6.891643642,2.481182649,0.051504189,0.039173193,0.119894227,1.13318485,0.336764929,0.269448936,0.01086954,7.001968079,0.459069153,1.308127842,19.32909895,27.39106278,4.647613593,0,0,0,Syangja
6.506301152,3.051650941,0.05364961,0.038782525,0.24573262,1.084317322,0.089997349,0.26257368,0.010950861,9.816310471,0.600592451,1.296210692,22.59679373,21.96206044,3.659727361,0,0,0,Parbat
6.704585891,2.557113824,0.074034156,0.055134497,0.221221625,1.1677881,0.362550802,0.240286543,0.008408886,9.825129342,0.38725039,1.538837199,28.36681973,26.00916363,6.196776052,1,0,1,Ramechhap
6.406919973,2.575150881,0.049423812,0.046308117,0.23791524,0.876549363,0.388523148,0.212210425,0.010848788,11.09663926,0.612790899,1.418425665,17.052738,26.25307673,2.189838044,0,1,1,Dolakha
6.597249906,2.318193894,0.05201099,0.029758132,0.283185618,0.888339649,0.240764404,0.302435356,0.012559037,11.89918914,0.515449367,1.372282689,12.08786013,22.52087543,5.96883563,1,0,0,Rasuwa
6.460957084,2.471527188,0.060506544,0.058540926,0.252790942,0.779969153,0.31235477,0.332770356,0.005566362,9.881169637,0.466344741,1.311179916,24.08418506,21.99425878,3.351432873,1,1,0,Kanchanpur
6.529098789,2.653900884,0.061055259,0.052210337,0.102070019,1.087900246,0.495415743,0.225821926,0.01100549,13.71100663,0.498012636,1.40071572,13.09700647,23.50811575,6.878425493,1,1,0,Sankhuwasabha
6.678547108,1.644915804,0.061870303,0.045820977,0.374791026,1.155787301,0.24942533,0.219391654,0.005013458,10.44846949,0.489273523,1.351799478,17.81922279,23.67691711,5.241949314,0,0,0,Saptari
6.254533795,1.825907289,0.056387302,0.037735159,0.192725697,1.091554573,0.194109241,0.274560383,0.00806867,9.307146988,0.62202829,1.302620475,18.71189757,26.50683893,5.966185652,1,1,0,Myagdi
7.127716183,2.871632047,0.038569951,0.030405608,0.323924686,1.334898487,0.44816634,0.232098531,0.013258333,6.776865282,0.392332087,1.269643567,19.65183273,23.77092243,5.122983221,1,0,1,Dolakha
6.198194786,2.585432719,0.066334315,0.036277932,0.507408267,0.998880796,0.496258719,0.24303014,0.008836436,9.474680959,0.423748076,1.291908266,23.44582229,23.28730296,2.371434357,0,1,0,Nuwakot
6.135743416,2.408008332,0.038536546,0.050887486,0.208061541,1.133748331,0.300369567,0.286982658,0.00765224,9.327226109,0.603630289,0.982957426,16.58182859,23.77673253,3.708906255,0,0,0,Syangja
6.847433262,2.509216967,0.053026355,0.058845863,0.046971248,0.781659825,0.401146304,0.154532196,0.009604125,11.92060959,0.440446506,1.321060084,18.63135374,27.23726467,6.008584006,0,1,0,Parbat
6.737498808,2.673790853,0.042457241,0.055432435,0.271399578,0.92258006,0.434147592,0.315915116,0.014135813,10.92496725,0.590053308,1.251152392,19.92864824,25.02608675,5.249983726,0,0,1,Bhojpur
6.687235945,2.23012016,0.049358617,0.035111506,0.410095963,1.139107552,0.225751577,0.253634026,0.006336636,7.641261757,0.669943598,1.459267,20.74798979,24.64149795,6.771484858,0,1,0,Taplejung
6.688503653,2.110847637,0.053287624,0.028803826,0.495834745,1.169820422,0.251469416,0.229425343,0.00789738,10.34450877,0.459820497,1.301934407,20.48913587,24.779989,5.604911845,0,0,0,Mustang
6.496325968,2.597922628,0.053213572,0.041408862,0.177045041,0.94120661,0.423087451,0.245538292,0.012994863,11.34306234,0.568136233,1.181103658,22.18002888,27.58412067,3.549947164,0,0,0,Taplejung
6.230823689,2.010813611,0.054219208,0.022315606,0.349669922,0.98568015,0.468501428,0.248121468,0.013715405,13.05606272,0.384630772,1.295011985,24.21919755,23.50165655,3.805903793,0,1,0,Rautahat
6.522741367,2.704126378,0.066137113,0.043231677,0.253468954,0.696425251,0.356288086,0.163439935,0.009793138,11.77500793,0.57547333,1.195387891,21.96317058,27.63101658,5.154376086,0,1,0,Humla
6.296851487,1.648708198,0.054535343,0.038523974,0.289405165,0.92859416,0.212018565,0.324746911,0.007521895,11.52169331,0.519942399,1.347340742,22.26792762,25.4209926,1.528933901,0,0,0,Bhojpur
6.79253592,3.014577819,0.047558434,0.035339635,0.564434335,1.178076633,0.498706111,0.252066282,0.014191687,10.12017199,0.547303828,1.329094736,12.08888417,24.67916124,7.510162828,1,0,0,Parbat
6.455882786,2.736298741,0.059640872,0.024052969,0.149702967,1.115041003,0.24690291,0.272150107,0.013188885,10.77662401,0.435442793,1.395783963,20.2511385,30.001801,5.662620105,0,0,0,Taplejung
6.252350841,2.628014867,0.061894705,0.045136001,0.325373966,1.100133144,0.266486222,0.297577489,0.011357894,12.4990098,0.333891658,1.220911821,22.39753774,22.88872102,6.840551896,0,1,0,Kanchanpur
6.403584248,2.991345492,0.037723922,0.034672992,0.346769317,1.009954737,0.334233783,0.198941877,0.008375195,7.334445205,0.550325206,1.30340081,23.64470597,24.29262848,2.629094089,0,1,0,Taplejung
6.623879436,3.332737222,0.055974001,0.028300832,0.408578632,1.001412632,0.455416042,0.273673595,0.009901941,9.301121346,0.293659685,1.16349782,16.53824613,22.53513752,6.866847741,0,1,0,Kanchanpur
6.330882634,3.007185033,0.057011727,0.011277378,0.309798315,0.867935772,0.385397598,0.236617945,0.00967928,8.454862502,0.468264951,1.370149478,16.70480363,26.90492394,8.347248367,1,0,0,Saptari
6.253333881,1.579562884,0.047024365,0.039724851,0.330805054,1.139765684,0.34148655,0.292338539,0.010661703,10.75830624,0.594118187,1.351887118,17.12949662,28.37837787,3.018682467,1,0,0,Rautahat
6.573106163,1.860211517,0.063757068,0.057722516,0.260835143,1.084194589,0.346328853,0.143638629,0.012902003,12.46044435,0.519189774,1.349580502,22.6820695,28.33984556,6.157102692,0,0,0,Salyan
6.573489971,2.187590711,0.048499444,0.056612592,0.326912694,1.09840377,0.304351467,0.245045285,0.011758834,8.806051427,0.694834264,1.300161903,25.16940527,27.44789751,5.001664917,1,1,0,Okhaldhunga
6.347917047,2.513045525,0.051255765,0.035429037,0.265680772,0.894793031,0.355813951,0.219858967,0.007845248,5.219391265,0.602510915,1.341477289,17.96269946,24.60475906,2.683349228,0,0,0,Parbat
6.358688508,2.75882951,0.048269282,0.033977879,0.362157189,0.569331416,0.047043992,0.271613148,0.012752993,9.17555851,0.434610161,1.460433911,24.53981157,24.26951805,5.739325958,0,1,0,Sarlahi
6.569614981,2.137128093,0.05015579,0.044687743,0.263038966,1.219430542,0.270339254,0.273502209,0.010626264,11.82694746,0.502731338,1.271490574,20.61739905,21.65766046,6.250404807,0,0,0,Kailali
6.065574698,2.593383382,0.039037249,0.030016146,0.337710039,0.904232509,0.324132193,0.214618705,0.011374132,11.07525981,0.49526293,1.313864518,19.37857111,29.07174707,4.098310171,1,0,1,Dolakha
6.077760868,2.122308534,0.035599491,0.043017919,0.297073719,0.827444847,0.184898592,0.214391307,0.012933082,10.8563725,0.341782324,1.19138737,18.94307885,25.93795616,6.74887478,0,0,1,Mustang
6.284466734,2.194241099,0.065945051,0.047660803,0.412605025,1.138695782,0.338632332,0.244466732,0.00777684,9.440013396,0.405960108,1.213173904,23.73305682,24.01608619,2.49985489,0,0,0,Humla
6.435965854,1.796669452,0.041530387,0.052269332,0.294860628,0.921597472,0.279552878,0.205167889,0.009928349,7.441938528,0.443923909,1.309781329,21.62788908,27.65611378,2.75786578,1,0,0,Myagdi
6.59327227,2.038383377,0.040086077,0.038998459,0.122696753,1.211987277,0.47554757,0.292099185,0.008937091,11.03058864,0.29637795,1.410393355,31.37912714,23.05447097,5.204896093,0,0,0,Salyan
6.942606865,1.824157697,0.028466099,0.037963262,0.42619215,1.12340119,0.457301973,0.23153964,0.006864281,8.33143638,0.504749347,1.274371918,15.73887679,25.81324407,5.038077917,0,0,0,Mustang
6.757297887,2.012063374,0.043610383,0.031220174,0.20942677,1.136713865,0.253419443,0.104650589,0.01069342,14.36819347,0.475092816,1.276408347,22.59050851,24.65474173,3.925139767,1,1,0,Nuwakot
6.452018441,3.026820898,0.036769102,0.031731196,0.234623366,0.726808858,0.284916229,0.231258897,0.015023113,11.14101442,0.33271061,1.259311476,17.35399495,26.27735428,6.214391654,0,0,0,Dolakha
6.494295138,2.025300556,0.066420152,0.037735211,0.240433871,1.242388797,0.292605243,0.198072809,0.006319845,8.838703395,0.540421287,1.246524333,15.65356507,24.87285292,5.796341471,0,0,0,Rasuwa
6.199241191,3.816191032,0.060098171,0.043673655,0.437443809,1.052250106,0.254834052,0.168436209,0.009935439,8.777229505,0.571587274,1.329497146,19.94566431,22.09814422,6.287208606,0,0,1,Taplejung
6.494446059,2.74665895,0.043118497,0.049135846,0.086432579,0.926144572,0.319502498,0.188128668,0.011281086,9.814111587,0.522703448,1.150274235,20.6867624,25.15115275,4.815295347,0,0,0,Bhojpur
6.413402408,2.592418062,0.072524358,0.03196821,0.613774853,1.028677693,0.224171793,0.255470424,0.010246156,9.520996156,0.467593182,1.428093958,34.59086778,27.09772828,5.903870402,0,1,1,Mustang
6.596815568,2.07082111,0.059817655,0.054926886,0.405605681,0.644752953,0.186938467,0.316432041,0.009773744,12.23366755,0.559144215,1.23345777,19.07927092,24.94156719,4.331524545,0,0,1,Kanchanpur
6.251830717,2.85015494,0.046751686,0.037288764,0.322323891,1.081730562,0.362271122,0.265659224,0.007401567,10.37283234,0.568022036,1.372190349,14.34910635,26.55023024,8.080728035,0,1,0,Taplejung
6.655803954,2.212181087,0.025005943,0.039786327,0.2945106,0.794125698,0.362952958,0.219674831,0.010465573,8.536736522,0.530740357,1.17300014,21.36505359,22.90894103,3.781181345,0,0,0,Rautahat
6.959821674,2.561004907,0.072909426,0.032527883,0.328555407,0.729465943,0.219568424,0.27279521,0.008486472,13.78088137,0.417538775,1.366884013,9.626799812,24.94747841,8.157946144,1,0,0,Syangja
6.467371955,3.780042269,0.036104275,0.015757597,0.352112243,0.695528163,0.389535543,0.227045484,0.005620157,10.09861666,0.527660077,1.367194461,19.54021609,23.75097909,5.052331921,1,0,0,Myagdi
6.620513517,2.45197005,0.033546013,0.048840454,0.364521559,1.222537675,0.236842227,0.215269982,0.012389184,11.53767935,0.619548065,1.338420207,20.08012641,26.49396168,2.936733666,0,0,0,Parbat
6.707043198,3.074636663,0.060225704,0.047368439,0.355560447,0.874147321,0.325316524,0.192281867,0.011916772,8.783546985,0.440337094,1.200557148,23.97300191,25.06298312,7.052119026,0,0,0,Humla
6.379633858,2.148411787,0.074397524,0.037186724,0.308958068,1.306745542,0.382034401,0.16240856,0.010103322,10.72623126,0.709793934,1.324954819,24.86811125,26.38014735,5.188852083,1,1,0,Nuwakot
6.567227745,2.482505755,0.063842728,0.040669907,0.280266158,0.892839707,0.296638744,0.230503815,0.010458149,10.62221998,0.447436907,1.181694382,17.48215191,27.17542085,6.276686148,0,0,1,Bhojpur
6.50377772,3.385400318,0.055639091,0.045159392,0.284872672,0.658528408,0.345474091,0.257902674,0.012148636,6.220701416,0.503240701,1.274723674,19.24692993,26.38323715,6.835783878,0,0,0,Nuwakot
6.52930283,2.186516471,0.055947543,0.024374541,0.280509172,0.776695112,0.248357036,0.245168816,0.010448679,14.03055022,0.43275144,1.40294131,16.16939585,25.54623687,5.506933331,1,0,1,Syangja
6.268097065,3.406224279,0.058534156,0.034709473,0.41337701,1.247162324,0.280353342,0.229201654,0.011808035,12.58128892,0.522327084,1.379670193,14.35968723,23.00357548,4.111638733,1,0,0,Saptari
6.507353052,2.853875968,0.057589286,0.047942647,0.359355672,0.968820364,0.279414057,0.202712697,0.009405036,9.205609368,0.325777831,1.301518294,21.5494739,24.99442778,6.463570067,1,0,1,Okhaldhunga
6.649399487,2.218766612,0.052811914,0.027457106,0.005961137,0.890342541,0.225342165,0.28041231,0.012623967,7.795460519,0.44539582,1.202519342,13.63207226,23.9338192,5.001133261,1,0,0,Syangja
6.935343082,2.81620387,0.051042011,0.042935579,0.365590078,1.032003645,0.282322584,0.184143404,0.010641571,10.69512323,0.39078788,1.364558771,17.9268655,24.31187209,6.028786728,0,0,0,Parbat
6.787781248,2.986277225,0.049374069,0.026434182,0.319473619,1.100356547,0.14513817,0.288801396,0.010388104,10.1733954,0.513533835,1.301938124,15.0241302,24.2509317,1.769404139,0,0,1,Dolakha
7.145954737,2.810904981,0.042460354,0.0446643,0.298129124,1.223479763,0.250884625,0.199889149,0.007459878,10.7113379,0.599444738,1.06796844,22.74841593,23.04014885,5.670472576,0,0,0,Rasuwa
6.269795731,1.71488764,0.047193249,0.039643585,0.261148155,1.289699846,0.271512451,0.212378238,0.010573912,10.38315479,0.564600619,1.378262983,29.0071505,21.08532282,4.042121262,0,1,0,Myagdi
6.761696191,2.136431412,0.033070432,0.023848682,0.412411272,0.928046271,0.274382025,0.17666074,0.00833609,11.01248198,0.262834064,1.297576717,13.49206009,23.6637139,7.479964456,0,0,0,Taplejung
6.555002602,2.376240682,0.049016604,0.051647394,0.394752646,0.734790463,0.275850255,0.224929893,0.008723435,12.8946114,0.704206965,1.420245125,10.73490759,25.3867589,5.934631022,1,0,0,Bhojpur
7.15694088,2.462783285,0.040114089,0.032654084,0.222712233,0.917306968,0.29382358,0.298765623,0.008369249,11.13620641,0.529527994,1.190472948,19.37556557,22.30364591,5.359786619,1,1,0,Mustang
6.257510514,2.810336049,0.038964107,0.031897476,0.340705229,1.052056101,0.347944152,0.275781404,0.00786753,7.900689002,0.422350086,0.982329619,20.07848898,25.03136447,5.72946499,0,0,1,Taplejung
6.248083447,2.5888505,0.051798942,0.042005692,0.202834327,0.807248215,0.387451707,0.298921106,0.014249543,12.72512571,0.515712792,1.327908386,21.09329653,28.80053685,3.502338721,1,0,0,Sankhuwasabha
6.320182206,1.832327821,0.063920023,0.051486373,0.162038184,0.808569817,0.235023477,0.276107127,0.012662678,13.28122913,0.517618982,1.329156368,17.76839742,27.04611311,7.434885036,1,0,0,Salyan
5.862831283,2.690098926,0.059183166,0.029841782,0.237328278,1.068757576,0.179679914,0.194816509,0.013840735,16.30411347,0.433315128,1.130932837,18.99680351,28.28708302,7.987055628,0,0,1,Nuwakot
6.342273493,2.805292873,0.034294994,0.040616798,0.386239347,0.99026953,0.195795559,0.233460539,0.00755421,7.753011934,0.519791667,1.202150045,21.83755205,25.78225575,5.589370266,0,0,0,Sarlahi
6.272260202,2.779895224,0.040103719,0.044288165,0.395312505,1.006559399,0.251279708,0.210990044,0.010142507,10.48576403,0.439252771,1.575521774,25.20215446,27.33501965,7.385605353,0,1,0,Rasuwa
6.545118136,3.040390363,0.059407712,0.046931056,0.351308542,0.848300933,0.264807868,0.316528745,0.007412985,5.835802594,0.459563801,1.269438939,10.22475615,23.55207054,4.146277702,0,1,1,Rasuwa
6.602526793,2.916961077,0.040175126,0.041764416,0.372509579,0.953919857,0.223000393,0.190160568,0.00860861,11.10629831,0.431372086,1.373095898,18.1553028,23.71131947,3.804329651,0,1,0,Kailali
7.062851252,2.72959004,0.047753669,0.036329722,0.351617829,0.815153371,0.170388334,0.294684884,0.008163746,8.903599404,0.356732871,1.234934017,21.06904397,19.52171959,5.061387123,0,1,0,Kanchanpur
6.785127151,2.464917144,0.055500521,0.031724098,0.23585184,1.178039682,0.254387917,0.294647694,0.012479168,13.84689159,0.514583647,1.09096971,15.41011948,27.37229095,5.652411558,0,0,0,Udayapur
6.326928903,1.669519533,0.040316555,0.040861439,0.343192254,1.207049867,0.318142662,0.34148101,0.009207541,8.45077006,0.558529944,1.282974175,28.65584816,28.08064796,4.409019978,0,0,0,Sarlahi
6.230475599,2.71480911,0.051053755,0.02927861,0.380040953,0.630762428,0.359502947,0.22951567,0.012136759,6.621633924,0.55148836,1.273439544,16.8229506,23.89364551,5.806652286,1,1,0,Salyan
6.647575751,2.603843844,0.036659745,0.010786495,0.375429133,0.814097828,0.244257695,0.285616108,0.011208242,9.057472519,0.581992525,1.260012176,19.79353656,24.49209659,5.459584223,0,1,0,Udayapur
6.103930038,2.635789419,0.043986324,0.044365598,0.418891337,0.700694149,0.258700218,0.364082592,0.014607278,6.049024458,0.532434021,1.288535916,22.78011048,23.49227577,3.502539837,1,0,1,Bhojpur
7.04943763,1.861625712,0.053197819,0.049039348,0.370830385,0.869995213,0.207330169,0.219117916,0.007041112,11.50219891,0.44672745,1.326426827,17.04357606,25.7653071,5.778189526,0,1,0,Sankhuwasabha
6.853832036,1.95947173,0.034070063,0.016370676,0.335144821,0.983312406,0.296856083,0.173247988,0.012518466,5.869833907,0.583966386,1.284988305,10.76713476,27.24986509,6.295292364,0,0,0,Rautahat
6.359247304,3.026576427,0.054404747,0.029902693,0.407015024,0.710070956,0.215157137,0.155999498,0.012292882,10.05691516,0.364248246,1.173599383,17.85672737,21.51445605,5.257203976,1,0,1,Nuwakot
5.986059641,2.480222423,0.049803622,0.046191543,0.297347874,0.815628037,0.357312781,0.285635601,0.008053242,5.84437636,0.409932862,1.348618479,25.14720278,25.81887706,6.728972155,0,0,0,Rautahat
6.906161712,2.840750349,0.0555249,0.060574955,0.211812535,0.799208526,0.121413351,0.15584249,0.012014267,9.359404391,0.403579993,1.105062824,18.31552437,24.44665646,3.17389431,0,0,1,Okhaldhunga
6.465638046,2.514159188,0.052239141,0.040207937,0.283693304,1.041453466,0.264037033,0.231384047,0.01067229,13.28675631,0.608005606,1.094964254,15.76782849,25.22678878,5.701925633,1,0,0,Salyan
6.871344894,2.51487807,0.063641404,0.032719971,0.225509736,1.013868867,0.330110734,0.271865659,0.009545047,10.72129578,0.594278851,1.373918049,24.62836105,25.917988,3.24457894,0,0,1,Salyan
